<?xml version="1.0" encoding="UTF-8"?>
<project-private xmlns="http://www.netbeans.org/ns/project-private/1">
    <editor-bookmarks xmlns="http://www.netbeans.org/ns/editor-bookmarks/2" lastBookmarkId="0"/>
    <open-files xmlns="http://www.netbeans.org/ns/projectui-open-files/2">
        <group>
            <file>file:/C:/Users/dell/Documents/NetBeansProjects/Counter/src/View/Main.java</file>
            <file>file:/C:/Users/dell/Documents/NetBeansProjects/Counter/src/Controller/CountProgramming.java</file>
            <file>file:/C:/Users/dell/Documents/NetBeansProjects/Counter/src/Common/Library.java</file>
            <file>file:/C:/Users/dell/Documents/NetBeansProjects/Counter/src/View/Menu.java</file>
        </group>
    </open-files>
</project-private>
